{
    "synthetic_patient_2": [
        0.6775112152099609,
        -0.8189019560813904,
        -1.1007720232009888,
        -1.4904788732528687,
        -0.5827033519744873,
        0.8729736804962158,
        0.5605872273445129,
        -0.713513970375061,
        0.11124888062477112,
        1.149703025817871,
        0.44406625628471375,
        1.0182721614837646,
        -1.2741777896881104,
        -0.9972423315048218,
        -0.986332893371582,
        -0.7936971187591553,
        -1.7353098392486572,
        -0.5336611270904541,
        -0.8635475039482117,
        0.11147893965244293,
        1.0591567754745483,
        0.8632027506828308,
        0.9922173619270325,
        0.2745175361633301,
        1.0052108764648438,
        -1.2130591869354248,
        1.0773369073867798,
        0.9491188526153564,
        -1.1063992977142334,
        0.6221773624420166,
        -0.40934354066848755,
        -0.8509146571159363,
        0.5691587924957275,
        0.9347753524780273,
        1.1640814542770386,
        -0.5867499113082886,
        0.24909314513206482,
        -0.6624927520751953,
        -1.4269490242004395,
        -0.9914908409118652,
        1.2915980815887451,
        0.7402526140213013,
        -1.0312268733978271,
        -1.2592875957489014,
        -0.7593165636062622,
        0.5835974812507629,
        -1.0605274438858032,
        -0.9901967644691467,
        -1.7269444465637207,
        1.0759079456329346,
        -0.20393362641334534,
        -0.2414882481098175,
        0.8444290161132812,
        -0.4941568076610565,
        -1.1180601119995117,
        -0.018614649772644043,
        -0.8518160581588745,
        1.418687343597412,
        1.0469512939453125,
        1.0933912992477417,
        1.0958497524261475,
        -0.7672899961471558,
        -0.8060587644577026,
        -1.6934493780136108
    ],
    "test_patient": [
        1.207260012626648,
        -0.7089183330535889,
        -0.3234803378582001,
        1.8179963827133179,
        0.6450839042663574,
        -0.6145058274269104,
        -1.068444848060608,
        0.9403907656669617,
        0.8750496506690979,
        -1.0200457572937012,
        1.1561217308044434,
        0.5224652290344238,
        -0.7990930080413818,
        -0.0006437450647354126,
        -1.548270344734192,
        0.7339001893997192,
        -0.7675485014915466,
        1.153385043144226,
        0.6369860172271729,
        -0.4081383943557739,
        0.5118325352668762,
        -0.6648135781288147,
        0.702929675579071,
        1.151605486869812,
        0.7622120380401611,
        -0.775524377822876,
        -1.2903177738189697,
        -0.6775220036506653,
        0.5408574342727661,
        -0.5424699783325195,
        -0.9319337010383606,
        1.3824573755264282,
        -0.6193423271179199,
        -1.2738902568817139,
        1.09794020652771,
        1.1060974597930908,
        -1.4820854663848877,
        -0.7800447940826416,
        -1.1908234357833862,
        0.8499813079833984,
        -1.1455750465393066,
        -0.12766875326633453,
        1.0735793113708496,
        -0.41754841804504395,
        -0.48859405517578125,
        -0.3650907874107361,
        -0.4985487461090088,
        0.8221098780632019,
        -1.2131973505020142,
        -1.3131818771362305,
        0.3325697183609009,
        0.4124979078769684,
        -0.3436135947704315,
        -0.1685565859079361,
        -1.2049593925476074,
        -1.2934606075286865,
        1.450670599937439,
        -0.8274863958358765,
        0.8186104893684387,
        1.521791696548462,
        1.3723092079162598,
        -0.32009372115135193,
        -0.3963315486907959,
        -0.6776907444000244
    ],
    "synthetic_patient_3": [
        1.1034475564956665,
        -0.6552943587303162,
        0.08192130923271179,
        1.556386947631836,
        0.7556802034378052,
        -0.6416024565696716,
        -1.0979219675064087,
        1.026750922203064,
        0.8693577647209167,
        -0.986436128616333,
        0.9674363732337952,
        0.6486104726791382,
        -0.8757635354995728,
        -0.25609683990478516,
        -1.587878942489624,
        0.6341474652290344,
        -0.6482070088386536,
        1.145796298980713,
        0.8827047348022461,
        -0.17086808383464813,
        0.6634719967842102,
        -0.6734655499458313,
        0.7882494330406189,
        0.6552359461784363,
        0.8208463788032532,
        -0.8511801958084106,
        -1.3458914756774902,
        -0.7066773176193237,
        0.32014504075050354,
        -0.7483235597610474,
        -0.6286972761154175,
        1.2889379262924194,
        -0.6693286895751953,
        -1.059951901435852,
        0.9905495643615723,
        1.1470928192138672,
        -1.25737464427948,
        -0.6001112461090088,
        -1.1089577674865723,
        0.9288719892501831,
        -1.1491421461105347,
        0.07938326895236969,
        1.1190340518951416,
        -0.5677365064620972,
        0.17836567759513855,
        -0.451530396938324,
        -0.5506001710891724,
        0.6820082068443298,
        -1.3209309577941895,
        -1.3147964477539062,
        0.03931029140949249,
        0.6021265387535095,
        -0.4363706111907959,
        -0.15109023451805115,
        -1.0885910987854004,
        -1.206921935081482,
        1.4228745698928833,
        -0.6830401420593262,
        0.8855839371681213,
        1.4171056747436523,
        1.3079144954681396,
        -0.4078390300273895,
        -0.3757047653198242,
        -0.4303229749202728
    ],
    "synthetic_patient_1": [
        1.1309698820114136,
        -0.6744799613952637,
        0.07327356934547424,
        1.618399977684021,
        0.7812469005584717,
        -0.6536560654640198,
        -1.1218359470367432,
        1.0468504428863525,
        0.8892897367477417,
        -1.0097265243530273,
        0.9953776597976685,
        0.6526421904563904,
        -0.889244556427002,
        -0.2548494040966034,
        -1.6247886419296265,
        0.6648166179656982,
        -0.6681606769561768,
        1.1720874309539795,
        0.8913145065307617,
        -0.18108810484409332,
        0.6733511090278625,
        -0.6855344176292419,
        0.8108304738998413,
        0.6816834807395935,
        0.8367199301719666,
        -0.8637878894805908,
        -1.3782174587249756,
        -0.7280845046043396,
        0.3455604314804077,
        -0.7618950605392456,
        -0.6618892550468445,
        1.3278257846832275,
        -0.6882340908050537,
        -1.1032270193099976,
        1.026724100112915,
        1.180764079093933,
        -1.3054994344711304,
        -0.6286283135414124,
        -1.1440492868423462,
        0.9431707859039307,
        -1.1870583295822144,
        0.06713582575321198,
        1.1411159038543701,
        -0.5714097023010254,
        0.15088874101638794,
        -0.4520864486694336,
        -0.5575701594352722,
        0.7202051281929016,
        -1.350000262260437,
        -1.3495932817459106,
        0.05052472651004791,
        0.6131627559661865,
        -0.44187822937965393,
        -0.14999374747276306,
        -1.1244769096374512,
        -1.2456380128860474,
        1.44976007938385,
        -0.7186139822006226,
        0.9027886986732483,
        1.4599310159683228,
        1.3473167419433594,
        -0.41561469435691833,
        -0.38654035329818726,
        -0.45090770721435547
    ]
}